{"entryPagePath":"pages/index/index.html","pages":["pages/index/index","pages/authorize/authorize"],"page":{"pages/index/index.html":{"window":{"navigationStyle":"custom"}},"pages/authorize/authorize.html":{"window":{"navigationBarTitleText":"授权申请","navigationBarBackgroundColor":"#ffffff","navigationBarTextStyle":"black"}}},"global":{"window":{"backgroundTextStyle":"light","navigationBarBackgroundColor":"#000000","navigationBarTitleText":"小猫补光灯","navigationBarTextStyle":"white"}},"requiredBackgroundModes":[],"renderer":{"allUsed":["webview"],"default":"webview"},"requiredPrivateInfos":["getLocation","chooseLocation"]}